ProtocolVersion,DebateId,TopicId,FocalCandidate,OpponentCandidate,FocalModel,OpponentModel,FocalPosition,FocalStarted,InterventionDirection,FocalWordsOriginal,OpponentWords,RelativeLengthGap,TargetWords,PresentationOrder,SourceSha256
2026-09-04-exp2b-report-v1,1,agricultural_future,Model1,Model2,apertus-70b-instruct-2509,meta-llama-3.1-8b-instruct,A,true,compression,641,516,0.195008,516,focal_first,52c2c95196f5f683b23a5fad8a17b0724a953572a1c611c186a1ac9ef58094e4
2026-09-04-exp2b-report-v1,2,agricultural_future,Model2,Model1,meta-llama-3.1-8b-instruct,apertus-70b-instruct-2509,B,true,expansion,456,649,0.297381,649,focal_first,f6b3bd977dc6ed930ec7402135816adc94a143cc9aaae709dcf910e6aa26b3a7
2026-09-04-exp2b-report-v1,3,agricultural_future,Model1,Model2,apertus-70b-instruct-2509,meta-llama-3.1-8b-instruct,B,false,compression,686,495,0.278426,495,focal_second,ed4b8cd82c16ee933ae216d4ebd900ad218ee338cddbce7d3fac3e172c9ee1d1
2026-09-04-exp2b-report-v1,4,agricultural_future,Model2,Model1,meta-llama-3.1-8b-instruct,apertus-70b-instruct-2509,A,false,expansion,429,642,0.331776,642,focal_second,53ca3ddc7167ca43172642ba902cdd1922e27aa76702519c73fbe51e810c50f7
2026-09-04-exp2b-report-v1,13,agricultural_future,Model2,Model1,qwen3-30b-a3b-instruct-2507,meta-llama-3.1-8b-instruct,B,false,compression,704,465,0.339489,465,focal_second,fbbcf8dfc0775f515d01fdfddb6db335068f4537f244283250e731d28842b892
2026-09-04-exp2b-report-v1,14,agricultural_future,Model2,Model1,qwen3-30b-a3b-instruct-2507,meta-llama-3.1-8b-instruct,B,true,compression,598,458,0.234114,458,focal_second,2c464e99905631952d79b67fe3cf435c16819d4c92903673f70de985af2e5c13
2026-09-04-exp2b-report-v1,16,agricultural_future,Model2,Model1,qwen3-30b-a3b-instruct-2507,meta-llama-3.1-8b-instruct,A,false,compression,615,426,0.307317,426,focal_second,f94ca83a85490fb7f7667b903ef1029ce8d4cf05be16b46d63ef327e6560f039
2026-09-04-exp2b-report-v1,17,agricultural_future,Model2,Model1,meta-llama-3.1-8b-instruct,gemma-4-31b-it,A,true,expansion,488,619,0.211632,619,focal_second,10f162380256afa3ccfd23f290f51cbf81d2626c38e52b3c95d2c773be63fe02
2026-09-04-exp2b-report-v1,20,agricultural_future,Model2,Model1,meta-llama-3.1-8b-instruct,gemma-4-31b-it,B,true,expansion,493,614,0.197068,614,focal_second,15fd33594bacf2f08cba8133e4ce2384482a9a6641388f6db52606571c9fd2b3
2026-09-04-exp2b-report-v1,23,agricultural_future,Model1,Model2,gemma-4-31b-it,qwen3-30b-a3b-instruct-2507,A,true,expansion,581,687,0.154294,687,focal_first,b17fad355c6b208ecabf155b967e66e926117b43a47f97b51b1f5ae6b0b44fde
2026-09-04-exp2b-report-v1,25,criminal_justice_framework,Model1,Model2,apertus-70b-instruct-2509,meta-llama-3.1-8b-instruct,A,true,compression,669,608,0.091181,608,focal_first,fad70cd81733073e9b5102cd49f707a93165cb02449d0a411a98d7f29c5b17f4
2026-09-04-exp2b-report-v1,26,criminal_justice_framework,Model1,Model2,apertus-70b-instruct-2509,meta-llama-3.1-8b-instruct,A,false,compression,681,610,0.104258,610,focal_first,b46d69079864c15a525057760d1cfecb19fe293b2e1ce991d147340a52621941
2026-09-04-exp2b-report-v1,27,criminal_justice_framework,Model1,Model2,apertus-70b-instruct-2509,meta-llama-3.1-8b-instruct,B,false,compression,691,586,0.151954,586,focal_second,f157e70acf4065901567fdb1c655d4427bafc62966b00abcdb7dc4612978c102
2026-09-04-exp2b-report-v1,28,criminal_justice_framework,Model1,Model2,apertus-70b-instruct-2509,meta-llama-3.1-8b-instruct,B,true,compression,676,603,0.107988,603,focal_first,eadd24c816e14c1c4d708f285438015cf792440cc87bc59d75253d41ef8aac14
2026-09-04-exp2b-report-v1,31,criminal_justice_framework,Model1,Model2,apertus-70b-instruct-2509,qwen3-30b-a3b-instruct-2507,B,false,compression,707,652,0.077793,652,focal_second,dcfb64f4a4783b8b1f1fa2529b52fb3f50dcb95d0c7dd99b02cb7434cc8a6f71
2026-09-04-exp2b-report-v1,39,criminal_justice_framework,Model1,Model2,meta-llama-3.1-8b-instruct,qwen3-30b-a3b-instruct-2507,B,false,expansion,514,622,0.173633,622,focal_first,57eb66b0062a74a5d05d1fe7558f1a81bd0365ee564c553efc9178cd59ec5c73
2026-09-04-exp2b-report-v1,42,criminal_justice_framework,Model1,Model2,gemma-4-31b-it,meta-llama-3.1-8b-instruct,B,true,expansion,593,656,0.096037,656,focal_second,3e3a7fc14f766574402ec8b3eef0c445095044a23c4c941affe615783dcb0b6c
2026-09-04-exp2b-report-v1,44,criminal_justice_framework,Model1,Model2,gemma-4-31b-it,meta-llama-3.1-8b-instruct,A,false,expansion,510,656,0.222561,656,focal_first,c157b3c4d1624d0639fd8d5673944a99f970c5030ef5e64d82f3eda02dc5791a
2026-09-04-exp2b-report-v1,46,criminal_justice_framework,Model1,Model2,gemma-4-31b-it,qwen3-30b-a3b-instruct-2507,B,true,expansion,646,694,0.069164,694,focal_second,40c9cccc431eb6ebefbd51483b2c3781cc623bb41373a8d483cb4a5045040789
2026-09-04-exp2b-report-v1,47,criminal_justice_framework,Model2,Model1,qwen3-30b-a3b-instruct-2507,gemma-4-31b-it,B,false,expansion,576,931,0.381310,931,focal_second,5db92ec68e458a60d9564876a1c500e14857dbbf0f37acd3a9e8710074bb9d03
2026-09-04-exp2b-report-v1,49,cultural_repatriation,Model1,Model2,apertus-70b-instruct-2509,meta-llama-3.1-8b-instruct,A,true,compression,683,595,0.128843,595,focal_first,c0b4692bf1557606e1b7cdb44a898980e729d7e86142f43c6849b47d9e445b88
2026-09-04-exp2b-report-v1,50,cultural_repatriation,Model1,Model2,apertus-70b-instruct-2509,meta-llama-3.1-8b-instruct,A,false,compression,684,454,0.336257,454,focal_first,72ad966dbc15fceb8903e6f52da75062869c06bd45657854f9000f8f2c4da388
2026-09-04-exp2b-report-v1,52,cultural_repatriation,Model2,Model1,meta-llama-3.1-8b-instruct,apertus-70b-instruct-2509,A,false,expansion,484,686,0.294461,686,focal_second,dd209e998a92c634f6bcd7c467eb11320c410ad833f6609a683e86a71b3dd410
2026-09-04-exp2b-report-v1,61,cultural_repatriation,Model1,Model2,meta-llama-3.1-8b-instruct,qwen3-30b-a3b-instruct-2507,A,true,expansion,596,708,0.158192,708,focal_first,b2e83bdb7d4d1dea7a4267ff0f963175c8f9e862d7bd8e9798720b152b17f687
2026-09-04-exp2b-report-v1,62,cultural_repatriation,Model2,Model1,qwen3-30b-a3b-instruct-2507,meta-llama-3.1-8b-instruct,B,true,compression,623,497,0.202247,497,focal_first,02ef468a0f46ffb64b0c66e8831c86e61ddf7dd3f7df241b8e611f4698a289e5
2026-09-04-exp2b-report-v1,63,cultural_repatriation,Model2,Model1,qwen3-30b-a3b-instruct-2507,meta-llama-3.1-8b-instruct,A,true,compression,686,492,0.282799,492,focal_second,7c58a481e9d227a23c9c44932799f1564dd7f988e593b010081b17734a5e4555
2026-09-04-exp2b-report-v1,64,cultural_repatriation,Model2,Model1,qwen3-30b-a3b-instruct-2507,meta-llama-3.1-8b-instruct,A,false,compression,666,491,0.262763,491,focal_first,99bd6fd0a37186545be3cb22fdfe31c7581cce2b0a6c2a1470d22d656d7ce75d
2026-09-04-exp2b-report-v1,66,cultural_repatriation,Model2,Model1,meta-llama-3.1-8b-instruct,gemma-4-31b-it,A,false,expansion,590,664,0.111446,664,focal_first,57fcefff6c84a3759bff5ee4697e76c6bf725b8cbfdc0bf59ba6c15ecaf5d916
2026-09-04-exp2b-report-v1,68,cultural_repatriation,Model2,Model1,meta-llama-3.1-8b-instruct,gemma-4-31b-it,B,true,expansion,559,640,0.126562,640,focal_second,51ff44508cab604ee0fbc2e778dbbbbd0380d631bf98472cef1b53336bc026a3
2026-09-04-exp2b-report-v1,71,cultural_repatriation,Model1,Model2,gemma-4-31b-it,qwen3-30b-a3b-instruct-2507,A,true,expansion,640,695,0.079137,695,focal_first,6a2d9553207a976e2322a8c1fb548931b50fb81420ee0b06891d71f6f64b0bd5
2026-09-04-exp2b-report-v1,73,de_extinction_ethics,Model1,Model2,apertus-70b-instruct-2509,meta-llama-3.1-8b-instruct,A,true,compression,708,612,0.135593,612,focal_second,b735d7f26951e081d171d051af1b0ec1e38afefda9eb42dc5e81c3792b7ab1a1
2026-09-04-exp2b-report-v1,74,de_extinction_ethics,Model2,Model1,meta-llama-3.1-8b-instruct,apertus-70b-instruct-2509,B,true,expansion,608,687,0.114993,687,focal_second,bfbfc0dc39b310963d0cad9536713818d2a2ff1468e9debdf894513e4d144306
2026-09-04-exp2b-report-v1,76,de_extinction_ethics,Model2,Model1,meta-llama-3.1-8b-instruct,apertus-70b-instruct-2509,A,false,expansion,599,661,0.093797,661,focal_second,72ff7cb9235340e463c6b40d8d41cdde62a0d1ca947d7aa9fab7187942a919a3
2026-09-04-exp2b-report-v1,78,de_extinction_ethics,Model1,Model2,apertus-70b-instruct-2509,qwen3-30b-a3b-instruct-2507,A,false,compression,679,613,0.097202,613,focal_first,81298bf1640b392c7600b1341ec9155a9e660b0c6c1dadd1229108e5d81e2f42
2026-09-04-exp2b-report-v1,85,de_extinction_ethics,Model2,Model1,qwen3-30b-a3b-instruct-2507,meta-llama-3.1-8b-instruct,B,false,compression,706,623,0.117564,623,focal_second,32553016fd94912a48ecec295d522d5b139db2c735ce133b1916f9123b22989d
2026-09-04-exp2b-report-v1,86,de_extinction_ethics,Model2,Model1,qwen3-30b-a3b-instruct-2507,meta-llama-3.1-8b-instruct,B,true,compression,617,494,0.199352,494,focal_first,b7671949afaed0bad7b264f1b794530fe1df4c058c8eed451c4c20c4ddfb2b54
2026-09-04-exp2b-report-v1,87,de_extinction_ethics,Model1,Model2,meta-llama-3.1-8b-instruct,qwen3-30b-a3b-instruct-2507,B,false,expansion,505,630,0.198413,630,focal_second,82535bc9e638ade21706e668d72cfe1613c8685fc8c5fa71c25a33ba060ffc84
2026-09-04-exp2b-report-v1,88,de_extinction_ethics,Model2,Model1,qwen3-30b-a3b-instruct-2507,meta-llama-3.1-8b-instruct,A,false,compression,674,587,0.129080,587,focal_first,98d29374df872cc0b056c87d49afa9d8a94031b0d6bf12c2d81bb515d6345c1f
2026-09-04-exp2b-report-v1,89,de_extinction_ethics,Model2,Model1,meta-llama-3.1-8b-instruct,gemma-4-31b-it,A,true,expansion,461,595,0.225210,595,focal_second,3fd4ed48235ae375168c7e3b4f8729307ca6cc29566c883b82a68fb691fd650a
2026-09-04-exp2b-report-v1,94,de_extinction_ethics,Model1,Model2,gemma-4-31b-it,qwen3-30b-a3b-instruct-2507,B,true,expansion,599,687,0.128093,687,focal_second,19e98b65b47cdd2735bdcb99715085596edad9c8a07984aa1bcc5398d328d892
2026-09-04-exp2b-report-v1,98,digital_media_ownership,Model2,Model1,meta-llama-3.1-8b-instruct,apertus-70b-instruct-2509,B,true,expansion,587,742,0.208895,742,focal_first,1f11c5c6cc2227fbf8294c8c4033d8641258e0522f251e8e73ffba65f01e53ad
2026-09-04-exp2b-report-v1,100,digital_media_ownership,Model2,Model1,meta-llama-3.1-8b-instruct,apertus-70b-instruct-2509,A,false,expansion,600,688,0.127907,688,focal_first,3bd5ca770e207eef52520677da4e1e55c7a0277d564ccca05f7a8e8e4e9cb82a
2026-09-04-exp2b-report-v1,101,digital_media_ownership,Model1,Model2,apertus-70b-instruct-2509,qwen3-30b-a3b-instruct-2507,A,true,compression,702,646,0.079772,646,focal_first,14c5647ed817771b2d36e1d7ba98be0d43d1f0d01b114c058234e1587cfea3ac
2026-09-04-exp2b-report-v1,102,digital_media_ownership,Model1,Model2,apertus-70b-instruct-2509,qwen3-30b-a3b-instruct-2507,A,false,compression,705,623,0.116312,623,focal_first,410fee9a41d13187bfbaefeaa9dea1fbe0762e1cc8f721bdab455a4e8a31e0b4
2026-09-04-exp2b-report-v1,106,digital_media_ownership,Model2,Model1,gemma-4-31b-it,apertus-70b-instruct-2509,B,true,expansion,630,704,0.105114,704,focal_first,0a4f85ee1c47752c373b8adca50639456fbc255a98905e86c286c6d446abac06
2026-09-04-exp2b-report-v1,109,digital_media_ownership,Model2,Model1,qwen3-30b-a3b-instruct-2507,meta-llama-3.1-8b-instruct,B,false,compression,692,457,0.339595,457,focal_second,6695cd2f6340cf9b9c9d9dd9c42f2cf791150f89ca6e7ea21a9a670ba3661ba1
2026-09-04-exp2b-report-v1,112,digital_media_ownership,Model2,Model1,qwen3-30b-a3b-instruct-2507,meta-llama-3.1-8b-instruct,A,false,compression,665,488,0.266165,488,focal_second,d542339373772b6b3dbbf10251fca984758eeaf1743b5c43e94c853a497690d1
2026-09-04-exp2b-report-v1,116,digital_media_ownership,Model2,Model1,meta-llama-3.1-8b-instruct,gemma-4-31b-it,B,true,expansion,479,605,0.208264,605,focal_second,fca2383eeea62c37983523ca773c5057cabe03eb3df5143e734fd3e53ab26435
2026-09-04-exp2b-report-v1,118,digital_media_ownership,Model1,Model2,gemma-4-31b-it,qwen3-30b-a3b-instruct-2507,B,true,expansion,590,680,0.132353,680,focal_second,bbecf13a24e436551f400c34f18c2bc8b48b152e3280abec04e5509b218c162d
2026-09-04-exp2b-report-v1,120,digital_media_ownership,Model1,Model2,gemma-4-31b-it,qwen3-30b-a3b-instruct-2507,A,false,compression,724,661,0.087017,661,focal_second,61143329f51731de93a9aaca56020f33dca6f31e04f1a4328b532d03023dcaaf
2026-09-04-exp2b-report-v1,123,economic_safety_net,Model1,Model2,apertus-70b-instruct-2509,meta-llama-3.1-8b-instruct,B,false,compression,639,452,0.292645,452,focal_second,e553116068a55a538d40b77d59449c16c46b63696350482782cbc00e43e24f70
2026-09-04-exp2b-report-v1,124,economic_safety_net,Model1,Model2,apertus-70b-instruct-2509,meta-llama-3.1-8b-instruct,B,true,compression,667,587,0.119940,587,focal_first,033ec09018454fa4f8217285fc653f0cdbdbae6516219bf7d39ab41e88320b20
2026-09-04-exp2b-report-v1,130,economic_safety_net,Model2,Model1,gemma-4-31b-it,apertus-70b-instruct-2509,B,true,compression,679,620,0.086892,620,focal_second,24ecde27d731cc0f019847f6c4ed97d40b2eccbdc9163e93608f8f87df9ad513
2026-09-04-exp2b-report-v1,132,economic_safety_net,Model2,Model1,gemma-4-31b-it,apertus-70b-instruct-2509,A,false,expansion,649,694,0.064841,694,focal_first,ccf0bc891e447592fd2e833c823ee51b3ae5f28729e35056813a3078e695a779
2026-09-04-exp2b-report-v1,134,economic_safety_net,Model2,Model1,qwen3-30b-a3b-instruct-2507,meta-llama-3.1-8b-instruct,B,true,compression,653,612,0.062787,612,focal_second,9c8d4f2e6c93c155888edf2e5b5120ad8a7364de2dd1259d9572f019046e464c
2026-09-04-exp2b-report-v1,135,economic_safety_net,Model2,Model1,qwen3-30b-a3b-instruct-2507,meta-llama-3.1-8b-instruct,A,true,compression,655,554,0.154198,554,focal_second,e2c83045ba0792f1376502beba130a22038f314d5a0d76274cb23b95a2fbdaf7
2026-09-04-exp2b-report-v1,138,economic_safety_net,Model2,Model1,meta-llama-3.1-8b-instruct,gemma-4-31b-it,A,false,expansion,529,625,0.153600,625,focal_second,7b594b549d360e6ee117323b6bcbb0e390d22a7ae744554c467108c7005af56a
2026-09-04-exp2b-report-v1,139,economic_safety_net,Model1,Model2,gemma-4-31b-it,meta-llama-3.1-8b-instruct,A,true,expansion,641,694,0.076369,694,focal_second,2aeb4f44eeab97f5c73ed870dd96a05a027abcdd76a0a635e06b6bbe019498b1
2026-09-04-exp2b-report-v1,142,economic_safety_net,Model1,Model2,gemma-4-31b-it,qwen3-30b-a3b-instruct-2507,B,true,expansion,655,715,0.083916,715,focal_first,f0e82338b1694f61f40ff1f5f8c9a56e38505e2001db04e1f09e450955ea985d
2026-09-04-exp2b-report-v1,143,economic_safety_net,Model1,Model2,gemma-4-31b-it,qwen3-30b-a3b-instruct-2507,A,true,expansion,619,713,0.131837,713,focal_first,420a383f3900afb979c43e006c20a4963dbf06fd7d0abb9f48212620d2b74902
2026-09-04-exp2b-report-v1,146,energy_transition_infrastructure,Model1,Model2,apertus-70b-instruct-2509,meta-llama-3.1-8b-instruct,A,false,compression,685,578,0.156204,578,focal_first,25b6cb29d0f2e4413de7a55016291e94df0c2e8d297d934dbede5892d4f26e33
2026-09-04-exp2b-report-v1,147,energy_transition_infrastructure,Model1,Model2,apertus-70b-instruct-2509,meta-llama-3.1-8b-instruct,B,false,compression,672,424,0.369048,424,focal_first,e1afc7031eb5e6456a9ed3f4ef75396e50fb86999ddfdba7b62c21528631e990
2026-09-04-exp2b-report-v1,148,energy_transition_infrastructure,Model2,Model1,meta-llama-3.1-8b-instruct,apertus-70b-instruct-2509,A,false,expansion,511,678,0.246313,678,focal_second,182001f4e5121fcd315863dbe1b8f24c063fc87c921c3d0b237519357153a7c3
2026-09-04-exp2b-report-v1,157,energy_transition_infrastructure,Model2,Model1,qwen3-30b-a3b-instruct-2507,meta-llama-3.1-8b-instruct,B,false,compression,693,489,0.294372,489,focal_second,4cf3a6ecbd8e6bbb3d7b32ffd3ec9a67a250ec2de7a04803c0430bb4db0564d5
2026-09-04-exp2b-report-v1,158,energy_transition_infrastructure,Model2,Model1,qwen3-30b-a3b-instruct-2507,meta-llama-3.1-8b-instruct,B,true,compression,622,525,0.155949,525,focal_first,3b39b98fc827b5e8c007dbba0aa4ed7bc8add360153eceb17966f4b927effa6f
2026-09-04-exp2b-report-v1,159,energy_transition_infrastructure,Model1,Model2,meta-llama-3.1-8b-instruct,qwen3-30b-a3b-instruct-2507,B,false,expansion,449,639,0.297340,639,focal_first,7dcc6678c7052ec0178e0420adb69eca0b79c5e540c143cad5cd6840973af27b
2026-09-04-exp2b-report-v1,161,energy_transition_infrastructure,Model1,Model2,gemma-4-31b-it,meta-llama-3.1-8b-instruct,B,false,compression,562,503,0.104982,503,focal_second,775562cdbbe11da2c2a8473e03accff1a8fcdb68e55891569ea282762d4cc91c
2026-09-04-exp2b-report-v1,162,energy_transition_infrastructure,Model1,Model2,gemma-4-31b-it,meta-llama-3.1-8b-instruct,B,true,expansion,552,641,0.138846,641,focal_second,092b840b1988c2f1dcba50f48707342efda5c93757f626ef52f512769a82105b
2026-09-04-exp2b-report-v1,166,energy_transition_infrastructure,Model1,Model2,gemma-4-31b-it,qwen3-30b-a3b-instruct-2507,B,true,expansion,571,659,0.133536,659,focal_second,eaded794a32cc3542a410e8f38119809e16c18aedd205760684414be46e75f8b
2026-09-04-exp2b-report-v1,167,energy_transition_infrastructure,Model1,Model2,gemma-4-31b-it,qwen3-30b-a3b-instruct-2507,A,true,expansion,604,674,0.103858,674,focal_first,b761b156912225a01d8114d958865ac537e951d738e42b454cc13c03b2edc2ea
2026-09-04-exp2b-report-v1,170,exploration_priority,Model1,Model2,apertus-70b-instruct-2509,meta-llama-3.1-8b-instruct,A,false,compression,661,541,0.181543,541,focal_first,8022520bd329b4fd97d857e5e6a1faa9ab6339bf2ac063cc19303df106264e42
2026-09-04-exp2b-report-v1,172,exploration_priority,Model2,Model1,meta-llama-3.1-8b-instruct,apertus-70b-instruct-2509,A,false,expansion,465,657,0.292237,657,focal_second,9f0e361a57046f1f542bacee50dc26f2d44498a486d1c4dfcdbe8fc55ca3f491
2026-09-04-exp2b-report-v1,174,exploration_priority,Model1,Model2,apertus-70b-instruct-2509,qwen3-30b-a3b-instruct-2507,A,false,compression,718,632,0.119777,632,focal_first,2e2ff4df33893512d76f8f8e8b9334db1606df5269b9f25c52cc9ca90604c6c5
2026-09-04-exp2b-report-v1,178,exploration_priority,Model2,Model1,gemma-4-31b-it,apertus-70b-instruct-2509,B,true,expansion,604,651,0.072197,651,focal_second,6dba32e93b764fcd35a20378e52ba83ad9f82a8b4ab95fc5f81754b7333eab1e
2026-09-04-exp2b-report-v1,181,exploration_priority,Model2,Model1,qwen3-30b-a3b-instruct-2507,meta-llama-3.1-8b-instruct,B,false,compression,681,579,0.149780,579,focal_first,22d3906d2b8d37da030509bbdf714220e853437dff4609e2b268410f988da146
2026-09-04-exp2b-report-v1,183,exploration_priority,Model2,Model1,qwen3-30b-a3b-instruct-2507,meta-llama-3.1-8b-instruct,A,true,compression,646,535,0.171827,535,focal_second,0e1fe6c418f212bee105f564aa7aff2b02d40f92b62ab656ae0549a48de5dd5a
2026-09-04-exp2b-report-v1,184,exploration_priority,Model2,Model1,qwen3-30b-a3b-instruct-2507,meta-llama-3.1-8b-instruct,A,false,compression,594,437,0.264310,437,focal_first,26370ce6a5f6689a7a094dc17036a6fb50c2f892d4dff6ca0a3de9c19271a214
2026-09-04-exp2b-report-v1,186,exploration_priority,Model1,Model2,gemma-4-31b-it,meta-llama-3.1-8b-instruct,B,true,expansion,603,649,0.070878,649,focal_first,7ad659081dc9c73804e9cb40a6958a310331db2249ea450fb694b4473d31169a
2026-09-04-exp2b-report-v1,189,exploration_priority,Model2,Model1,qwen3-30b-a3b-instruct-2507,gemma-4-31b-it,A,true,expansion,580,623,0.069021,623,focal_second,75ab4d16298922250755f86d705c7aab02162c03f41753bdbdfde9663b7ee0e8
2026-09-04-exp2b-report-v1,190,exploration_priority,Model1,Model2,gemma-4-31b-it,qwen3-30b-a3b-instruct-2507,B,true,expansion,628,691,0.091172,691,focal_second,ea8a7e17450d550626d73bcde23faefaaa4ff796c0e456e69580fdb8391ad035
2026-09-04-exp2b-report-v1,194,mega_event_hosting,Model1,Model2,apertus-70b-instruct-2509,meta-llama-3.1-8b-instruct,A,false,compression,647,539,0.166924,539,focal_first,8a2fa3dd074e530e4b1c36e5dd72f90b65ad650fdf93285743b444a53751b4a1
2026-09-04-exp2b-report-v1,195,mega_event_hosting,Model1,Model2,apertus-70b-instruct-2509,meta-llama-3.1-8b-instruct,B,false,compression,634,493,0.222397,493,focal_first,98d5ab62dd0ee46583e424570152fd095fc9953b2672bfdc4961a569f8b5e8a4
2026-09-04-exp2b-report-v1,196,mega_event_hosting,Model1,Model2,apertus-70b-instruct-2509,meta-llama-3.1-8b-instruct,B,true,compression,646,560,0.133127,560,focal_first,c7a07392431cb6a88bc7ad56a592703ac512620354e91cfa3c6e9f9a46637903
2026-09-04-exp2b-report-v1,205,mega_event_hosting,Model2,Model1,qwen3-30b-a3b-instruct-2507,meta-llama-3.1-8b-instruct,B,false,compression,673,575,0.145617,575,focal_first,cc6cc57ea2892c3a34d3808bfb8a8e2017228ce0fa6b3fa14e2b1af6bdcb9aeb
2026-09-04-exp2b-report-v1,206,mega_event_hosting,Model1,Model2,meta-llama-3.1-8b-instruct,qwen3-30b-a3b-instruct-2507,A,false,expansion,396,573,0.308901,573,focal_first,d524b7a43629d0ad1af7cee824ef66bd3c2d9a14852cfda959114b0adf3c56a4
2026-09-04-exp2b-report-v1,207,mega_event_hosting,Model1,Model2,meta-llama-3.1-8b-instruct,qwen3-30b-a3b-instruct-2507,B,false,expansion,503,663,0.241327,663,focal_second,744bed3d524bdef948d9bbc046c8b9ac653e9e2c5c8c0e370f3cef1863f43163
2026-09-04-exp2b-report-v1,208,mega_event_hosting,Model2,Model1,qwen3-30b-a3b-instruct-2507,meta-llama-3.1-8b-instruct,A,false,compression,661,491,0.257186,491,focal_first,35a7646053b4686fb58ac3c8e2e9c69e789f85a69dd2ec21c2fe6b2bc65e3ecd
2026-09-04-exp2b-report-v1,209,mega_event_hosting,Model2,Model1,meta-llama-3.1-8b-instruct,gemma-4-31b-it,A,true,expansion,497,607,0.181219,607,focal_second,6332d7404e9f04e46063216dca46c7bba19839daeb3339ad8da38fa0651176d2
2026-09-04-exp2b-report-v1,211,mega_event_hosting,Model2,Model1,meta-llama-3.1-8b-instruct,gemma-4-31b-it,B,false,expansion,454,548,0.171533,548,focal_first,70c30bb84dc508496f908c53f0502c180f8551b84c0e14a6e285abe2f941d5e5
2026-09-04-exp2b-report-v1,215,mega_event_hosting,Model1,Model2,gemma-4-31b-it,qwen3-30b-a3b-instruct-2507,A,true,expansion,581,679,0.144330,679,focal_second,1b7b571bdb731c6093fe3cef79edcfdb45f3ad6b3353014023cc6b7d8f1d02fb
2026-09-04-exp2b-report-v1,218,political_ads,Model1,Model2,apertus-70b-instruct-2509,meta-llama-3.1-8b-instruct,A,false,compression,698,544,0.220630,544,focal_second,a80719e7df0b53edfec3a81f61f342eb6f03a1e68049a5fcad9ca83443e7a77d
2026-09-04-exp2b-report-v1,219,political_ads,Model1,Model2,apertus-70b-instruct-2509,meta-llama-3.1-8b-instruct,B,false,compression,653,499,0.235835,499,focal_first,2dcbff770fecf9e4ee1b2d2dab1871e5e14098f8255883a6297050c825fc0fab
2026-09-04-exp2b-report-v1,225,political_ads,Model2,Model1,gemma-4-31b-it,apertus-70b-instruct-2509,B,false,expansion,630,696,0.094828,696,focal_first,e5e9d0c1abaee6c2305d5eef040e230daec24cb978e5db18a7e34b4b09a7b37b
2026-09-04-exp2b-report-v1,227,political_ads,Model2,Model1,gemma-4-31b-it,apertus-70b-instruct-2509,A,true,expansion,614,696,0.117816,696,focal_first,cc91ebef9670cc51e29dc3de5974d9b0fac04295aca6a3380279d26a5dbec694
2026-09-04-exp2b-report-v1,228,political_ads,Model1,Model2,apertus-70b-instruct-2509,gemma-4-31b-it,B,true,expansion,633,692,0.085260,692,focal_first,1c5f423e35a65b0c1d130c88f277bbaf2f62f98b8a2c7c6801da825b4865d2a1
2026-09-04-exp2b-report-v1,229,political_ads,Model2,Model1,qwen3-30b-a3b-instruct-2507,meta-llama-3.1-8b-instruct,B,false,compression,676,544,0.195266,544,focal_second,ba91409323377c32c91399a1c39b4d472cc981b6d9fb4988bea2e2e6a868b23a
2026-09-04-exp2b-report-v1,230,political_ads,Model2,Model1,qwen3-30b-a3b-instruct-2507,meta-llama-3.1-8b-instruct,B,true,compression,656,557,0.150915,557,focal_second,5ff178db6925b7969702d796bbd0f51c0c7541fa562b2068c17def85843ced4f
2026-09-04-exp2b-report-v1,232,political_ads,Model2,Model1,qwen3-30b-a3b-instruct-2507,meta-llama-3.1-8b-instruct,A,false,compression,645,545,0.155039,545,focal_second,e1c34463db625f8598916ed7254380fe32a7de220032633f8810c0a251fc68fb
2026-09-04-exp2b-report-v1,233,political_ads,Model2,Model1,meta-llama-3.1-8b-instruct,gemma-4-31b-it,A,true,expansion,573,635,0.097638,635,focal_first,5312a7b41b048386801f744701a20005eb770a9125b1c67e7c62180a05d78682
2026-09-04-exp2b-report-v1,239,political_ads,Model1,Model2,gemma-4-31b-it,qwen3-30b-a3b-instruct-2507,A,true,expansion,612,680,0.100000,680,focal_first,20eee6272d7b82a09882194f98da47f3ecdde8146675218ad4105ed7e57434d4
